SET SQL_MODE = "NO_AUTO_VALUE_ON_ZERO";
START TRANSACTION;
SET time_zone = "+00:00";

CREATE TABLE `attendance` (
  `attendance_id` int(11) NOT NULL,
  `schedule_id` varchar(20) DEFAULT NULL,
  `student_id` varchar(20) DEFAULT NULL,
  `date` date NOT NULL,
  `status` enum('Present','Absent') NOT NULL
) ENGINE=InnoDB DEFAULT CHARSET=utf8mb4 COLLATE=utf8mb4_general_ci;

CREATE TABLE `batch` (
  `batch_id` varchar(20) NOT NULL,
  `batch_name` varchar(50) NOT NULL,
  `start_year` int(11) NOT NULL,
  `end_year` int(11) NOT NULL,
  `department_id` varchar(10) DEFAULT NULL
) ENGINE=InnoDB DEFAULT CHARSET=utf8mb4 COLLATE=utf8mb4_general_ci;

--
-- Dumping data for table `batch`
--

INSERT INTO `batch` (`batch_id`, `batch_name`, `start_year`, `end_year`, `department_id`) VALUES
('BCH-2025-CSBS', 'CSBS-2025', 2021, 2025, 'CSBS'),
('BCH-2025-CSE', 'CSE-2025', 2021, 2025, 'CSE'),
('BCH-2025-IT', 'IT-2025', 2021, 2025, 'IT'),
('BCH-2026-CSBS', 'CSBS-2026', 2022, 2026, 'CSBS'),
('BCH-2026-IT', 'IT-2026', 2023, 2026, 'IT'),
('BCH-2027-IT', 'IT-2027', 2023, 2027, 'IT');

-- --------------------------------------------------------

--
-- Table structure for table `class_schedule`
--

CREATE TABLE `class_schedule` (
  `schedule_id` varchar(20) NOT NULL,
  `section_id` varchar(20) DEFAULT NULL,
  `semester_subject_id` varchar(20) DEFAULT NULL,
  `teacher_id` varchar(20) DEFAULT NULL,
  `day_of_week` enum('Monday','Tuesday','Wednesday','Thursday','Friday','Saturday') NOT NULL,
  `start_time` time NOT NULL,
  `end_time` time NOT NULL
) ENGINE=InnoDB DEFAULT CHARSET=utf8mb4 COLLATE=utf8mb4_general_ci;

CREATE TABLE `department` (
  `department_id` varchar(10) NOT NULL,
  `department_name` varchar(100) NOT NULL
) ENGINE=InnoDB DEFAULT CHARSET=utf8mb4 COLLATE=utf8mb4_general_ci;

--
-- Dumping data for table `department`
--

INSERT INTO `department` (`department_id`, `department_name`) VALUES
('AIML', 'Artificial Intelligence and Machine Learning'),
('CSBS', 'Computer Science and Business Systems'),
('CSE', 'Computer Science and Engineering'),
('ECE', 'Electronics and Communication Engineering '),
('IC', 'Image Coach'),
('IT', 'Information and Technology');

-- --------------------------------------------------------

--
-- Table structure for table `forum_messages`
--

CREATE TABLE `forum_messages` (
  `message_id` int(11) NOT NULL,
  `sender_id` varchar(20) DEFAULT NULL,
  `receiver_id` varchar(20) DEFAULT NULL,
  `message_content` longblob DEFAULT NULL,
  `content_type` varchar(50) DEFAULT NULL,
  `file_name` varchar(255) DEFAULT NULL,
  `timestamp` datetime DEFAULT current_timestamp()
) ENGINE=InnoDB DEFAULT CHARSET=utf8mb4 COLLATE=utf8mb4_general_ci;

--
-- Dumping data for table `forum_messages`
--

INSERT INTO `forum_messages` (`message_id`, `sender_id`, `receiver_id`, `message_content`, `content_type`, `file_name`, `timestamp`) VALUES
(1, 'TCH-2407000002', '10900223001', NULL, NULL, NULL, '2024-08-23 08:25:29'),
(2, 'TCH-2407000002', '10900223001', NULL, NULL, NULL, '2024-08-23 08:26:43'),
(3, 'TCH-2407000002', '10900223001', NULL, NULL, NULL, '2024-08-23 08:27:07'),
(4, 'TCH-2407000002', '10900223001', NULL, NULL, NULL, '2024-08-23 08:27:26'),
(5, 'TCH-2407000002', '10931121018', NULL, NULL, NULL, '2024-08-23 08:27:55'),
(6, 'TCH-2407000002', '10931121018', NULL, NULL, NULL, '2024-08-23 08:28:47'),
(7, 'TCH-2407000002', '10931121018', NULL, NULL, NULL, '2024-08-23 08:33:45'),
(8, 'TCH-2407000002', '10931121018', NULL, NULL, NULL, '2024-08-23 08:34:22'),
(9, 'TCH-2407000002', '10931121018', 0x504b030414000600080000002100dfa4d26c5a01000020050000130008025b436f6e74656e745f54797065735d2e786d6c20a2040228a000020000000000000000000000000000000000000000000000000000000000000000000000000000000000000000000000000000000000000000000000000000000000000000000000000000000000000000000000000000000000000000000000000000000000000000000000000000000000000000000000000000000000000000000000000000000000000000000000000000000000000000000000000000000000000000000000000000000000000000000000000000000000000000000000000000000000000000000000000000000000000000000000000000000000000000000000000000000000000000000000000000000000000000000000000000000000000000000000000000000000000000000000000000000000000000000000000000000000000000000000000000000000000000000000000000000000000000000000000000000000000000000000000000000000000000000000000000000000000000000000000000000000000000000000000000000000000000000000000000000000000000000000000000000000000000000000000000000000000000000000000000000000000000000000000000000000000000000000000000000000000000000000000000000000000000000000000000000000000000000000000000000000000000000000000000000000000000000000000000000000000000b494cb6ec2301045f795fa0f91b75562e8a2aa2a028b3e962d52e907187b0256fd92c7bcfebe1302515501910a6c222533f7de3356c683d1da9a6c0911b57725eb173d9681935e69372bd9d7e42d7f641926e19430de41c936806c34bcbd194c36013023b5c392cd530a4f9ca39c831558f8008e2a958f56247a8d331e84fc1633e0f7bdde0397de2570294fb5071b0e5ea0120b93b2d7357d6e48221864d973d35867954c8460b41489ea7ce9d49f947c97509072db83731df08e1a183f9850578e07ec741f7434512bc8c622a67761a98baf7c545c79b9b0a42c4edb1ce0f455a525b4fada2d442f0191cedc9aa2ad58a1dd9eff2807a68d01bc3c45e3db1d0f2991e01a003be74e84154c3faf46f1cbbc13a4a2dc89981ab83c466bdd09916803a179f6cfe6d8da9c8aa4ce71f40169a3e33fc6deaf6cadce69e00031e9d37f5d9b48d667cf07f56da0401dc8e6dbfb6df8030000ffff0300504b0304140006000800000021001e911ab7ef0000004e0200000b0008025f72656c732f2e72656c7320a2040228a000020000000000000000000000000000000000000000000000000000000000000000000000000000000000000000000000000000000000000000000000000000000000000000000000000000000000000000000000000000000000000000000000000000000000000000000000000000000000000000000000000000000000000000000000000000000000000000000000000000000000000000000000000000000000000000000000000000000000000000000000000000000000000000000000000000000000000000000000000000000000000000000000000000000000000000000000000000000000000000000000000000000000000000000000000000000000000000000000000000000000000000000000000000000000000000000000000000000000000000000000000000000000000000000000000000000000000000000000000000000000000000000000000000000000000000000000000000000000000000000000000000000000000000000000000000000000000000000000000000000000000000000000000000000000000000000000000000000000000000000000000000000000000000000000000000000000000000000000000000000000000000000000000000000000000000000000000000000000000000000000000000000000000000000000000000000000000000000000000000000000000000ac92c16ac3300c40ef83fd83d1bd51dac118a34e2f63d0db18d907085b494c13dbd86ad7fefd3cd8d8025de96147cbd2d393d07a739c4675e0945df01a96550d8abd09d6f95ec35bfbbc78009585bca53178d670e20c9be6f666fdca234929ca838b59158acf1a0691f88898cdc013e52a44f6e5a70b692229cfd46324b3a39e7155d7f7987e33a09931d5d66a485b7b07aa3d45be861dbace197e0a663fb197332d908fc2deb25dc454ea93b8328d6a29f52c1a6c302f259c9162ac0a1af0bcd1ea7aa3bfa7c589852c09a109892ffb7c665c125afee78ae6193f36ef2159b45fe16f1b9c5d41f3010000ffff0300504b030414000600080000002100f29d02148a0b00002d28000011000000776f72642f646f63756d656e742e786d6cdc5ad96ee338167d1f60fe81e3a7692089f72de84ac15bba3340630a9d0cfa9996689915495493941dd7537fc4bccceff597ccb9a4e4358bb234063df510db927879d773cfa5eafbcf0f49cc56421ba9d24fb5e645a3c6441aa850a6d1a7dabfeeaecf0735662c4f431eab547caa6d84a97dbefaeb5fbe5f5f862ac813915a0611a9b95c67c1a7dad2daecb25e37c15224dc5c2432d0caa885bd085452578b850c447dad74586f359a0df72dd32a10c660bf094f57dcd40a71c1433569a1e66b2c26819d7ab0e4da8a879d8ce6ab8574ebc3fae05450eb0d826061ab792aaafd6a51bd3a697522a8f32641d0ea4452f76d921e31aef73649ad5349fdb7496a9f4a1abc4dd2493a25a709ae3291e2e642e9845bfcd4513de1fa3ecfce2138e356ce652ced06321bbd520c97e9fd1b34c2aaad84a41dbe5a42bf9ea850c4edb094a23ed5729d5e16ebcfb7eb49f54bbfbef8d8ae1071b56db1ddb02e1e6c6c6cb95657f19d5f3e2d80c579adae450c3faad42c65b64587e4add27073590a593de780551297cfadb366c5527b0adaa63e0c3b8155d42f6297c45ef3e725361b15a24922b62baaa870b867a949820cde6dfc26d7ec39b759117c4a01ad1301bd40546c16a58c4121a31eecaa9be4c88a6555caf151213972e7d866450c3c56664f4098bf4a44ab5dea411fb47c4f96096db87c9db83246755acb2d5f72b32d1a92285e6760772b6e93ecf93b8bde57543f6895673b69f27dd26e76f0ba26a2f30a594571ee0386799f32b74b9e017593e0f2264a95e6f3181aa1d418aa85b908d05f241d7db8afe2c15da758d3973067845ab52bf0b4b90a37f499e146e732e39adf20cdfba3417bd06b746bee2aba9ca5abad46afdf9b7441fad697e084e1cf9f6a8dc664dc6a369adb4b53b1e0796c4fef7cd9bbe436fca2e9e36b80fb2b8ed611008685aed5e9aaf637e7eec77c62dca7f9563eda1af8c7ccb78939bc562fd6d6b71be852b32ffa4883776fb2beb457774bc17ee00962c0d482251b16cb85f81b3d62fd835e975317771ae34ebbdb2467eeb9b85ffc3b70f1acd5ef0c26db4bde90a38b7b7e3fbcf3917eef9c7ac45d3af6fae316b75ae361afd126cd5eb2f828a9bcc5ad5eeb7ab07beeb59956d8b617e047e25bdd9a6ea3d39e3627d3436b605fbf7ddd3eb4e648f197e2f7bc354fe7b39bb52e4dc603e041a685117a256a5737ec201b8b3ff62a72590b90907659262e9b6f8e1f7eed762c582a4530c52c4ac3f3b39588372c156b3601efcd916dec3690982405c3ecc8c6391e07b4b1db8db12231ecef93dbf1ed77982cb5e00903e520f5c6772258b250445a880bacb16c2e704bb050ae6837995a45cf618d011f3c63b1b02c11745dab30c75e1b95333c6397d230a069a4219cf65f2f374c5ab6e68605586d457871e8b2c713a0713d998c06add161023466a3fe603a6b7c0846be3ed6292c0cf9e6f7dffe63d8821b7b4e4f84f051242d8f191a491c9e914fe0470486a204b7a62a56d1c667c2bc8c06dc0f5fe0321a3c7c8dc644ce240f517411d040e781e4f105fb1937a3547ef34187775321b0cb1dc801229e1ad8cad360c36ea1241a1b027c37417cb791095daa50d08b98fffedbbf39cb53f96b2eb6910a8591514acf2a86bc4dfd22a7bd0c60da42e569e8670142629ab05ca69922d39c71854d32d89999f09447c21d55641af6c92c16a65202f407d793ee64d0ab80678f22c0d3787678a72a9e351ba780e6af5543b4f6b03b694e9ab4efbe3dbd4177d81ab45ec6e7773281477acf3bbbf97e9ffe05453e0525ba6113c2279f6e9fabf4e9e9703a1cf667875ee9b406cd667b7ce895ff2dce1313094520e9b0ce815942e868973c659c199920af099b518028af02ef3843e904794ca0c77c43b860778a45806c879786aa3e5029d97df64423b9416dc531b3fcdead79770399f3e0de03b5604273e0b3488fb7062aa8c54c9370bbc9b0de64228e6f2dd7b660324f6f7b858a07de5592384bc317e53d618629ba99161eb74c8e9b09fc3bcdb5474a6e99958938630b29e2d0a003c383b35804563b489ba511304ab8a7a951fd04b0e31eedf66fad858b33a052a6290f005f04803b5cbf6023e3ee3bf46780c0d448024a28e5ba26dd2b3b04b0f0ecf136bdbf253af4ec3b066b7404212e91a8bd87d2107ee23187e02b9f8ba40c7658e436d730ff47b5162ba1cfbcb980df0d1457a564e45a20328bfe8d2da01e14e5319a4d8ca4c056dab71ad2de290540cfa388680cec88b8c4d580d6a3df60ab6b7440e20f6baedd03ae379eb985247dafb161ff52cf446151a056826ac247e60c3928513e705de8f686a3e67023a63798ae69a9458e628d8e95829e171580a5dd1c8fdbbdeef0186ea793fea0f72c1dfe000c791e2d1fcfe85b758200274543adba5215be00d76b140791982afb55a8d1b798eb4b4aa1427c6648a2444a6f0e9bc65b90e18619213c28cb986b6c82eca13c47bebbbe74c1fe912309919e94a604d454156044214add003308afcf20672e628962f2dc89d2d9eb5c8a43ca8b8740509d5be03aeec950f0821ecd515c04436bc5ee05d5600c5d1c745049d271b0464aeb0888f3cdf12ad4f4967211b03820a25a7255e36894c6ae780c9b4aaa1e423bda1561039a06ce91aee01ca2d1e5051d69b87a5a2f15838bc5afb9ab773c84c2b574b8e1602577471f8cc791d26072c055daf998ac4ad4238450f6305488731484851ae0842a2fd9bf6799558a14353a9d0e8647ddffcfcbf1fabd56633ced116fd9b3a7d91f4d07ddf6b3073b7f028ef7d3868d904a1b230f71e30957f4bbedd9747c84bfbdc974da6fd2fb989742fb07103bb0546a33ae9a2535555448227de223db8b4e768e1c4eeffdcc9baa95abcd339a604385f477edcc0d3bd2e2d712d524d288469a7fee7a1c269d846baa32e08a4e5dd1d0c1bde50528d0e82ea325866c1e532f45d9dab5408f3b99ab0ecb309f7f459d63b31bbf51906b70993cce13cce3e01d2841c59682af24ca126827a0288485128ddddb616c1e02bec09ba4b9dfa145245270c1581adc21eb540ef2a4311f8a874c682b0d0da75b718a8c01ef09cb761da3ed933e260fe814750fd1dd1943a95128324c9604b79eb270a86efd34cdfdcb3ac29010a88b56bf333b50b936c22be6b7e18973a0d204e287832aa886a9023d9deb5e63dc9d1d9dc17646b359a73f2240fa23f9c113ad6b942ae7e06d5a51e210eda210cdb5e2681a7b0c8c4242c67f5573466f3e05bad02de527a2ad73b4084d69478950d2bc95a45322ca7fe7cb8f64fde61e5a49cc47c98731ff2b5077be52c784c0df7bc52074e507823d76795266203a618e6e66f6087439e3397f71d4582a0931566e1a909af8be5d52ded38197d01415e2cdd24f1ab1cb65b3940b5b251dfbd3c9783c998eff5f3a61f7badf69cf66541bafb4e74390de91b1e200cc45a540e6bd533036dfb0bb49d1097627578e71616c8ce9acd3642a3505b10116ae54ec0e43e900ce83dcf63470bf06c78e5f950490f00a1ba6915d3e7374b6053beede98d37c064db769e9c6207f6407c532b59d3049353a198089995c299a31b5a21915d830079ab09b3b67d2ee1cee0cdf5d7b836609436073c702b931c2ba653c3d3c88dc8dbae7a10632a73b6545ba925aa524b64a92f7dadde16c3039a27bbd5eb7d99f8d3a0749311cb4070d3afcfd087af45ca68cc8e610f38026764b673132cd5dc85db88bf0f07045884b863a1f8d6e800fb94523f46d955c5ccef8ee04c0bfc977f7dcfc2f9282621cd072e2d28a05f0b84146226c864ef2d12c2304ddc76fd7d90ea800684368029eb9b61853dbc3ca48abf505fba5642705b908f768021d4e3b6329bb63e18cf2dafbf383f385c22c40870e19f4e481c3b7c3b2a10100007e8e514266994fc1ac780740ff990d56533a41e41214075a199583ea9cf30525fd81f58fe78c0157f9b20dd94bc9e0b22cba25e05a03a29a434f2e97f8dec3328f6259f413770d4865b8dee9f8f707c4c0763fe16dc473f73b168bbdbba03068be40b086a3f10b852970f733caadfb598066a028b2657fa767dce550053f687a6f7c4967385fa40da065bb57a2aab7db7df5af8debbbffe777f55f000000ffff0300504b030414000600080000002100d664b351f4000000310300001c000801776f72642f5f72656c732f646f63756d656e742e786d6c2e72656c7320a2040128a0000100000000000000000000000000000000000000000000000000000000000000000000000000000000000000000000000000000000000000000000000000000000000000000000000000000000000000000000000000000000000000000000000000000000000000000000000000000000000000000000000000000000000000000000000000000000000000000000000000000000000000000000000000000000000000000000000000000000000000000000000000000000000000000000000000000000000000000000000000000000000000000000000000000000000000000000000000000000000000000000000000000000000000000000000000000000ac92cb6ac3301045f785fe83987d2d3b7d5042e46c4a21dbd6fd00451e3fa82c09cdf4e1bfaf4849ebd060baf072ae9873cf8036dbcfc18a778cd47ba7a0c87210e88caf7bd72a78a91eafee41106b576beb1d2a1891605b5e5e6c9ed06a4e4bd4f58144a23852d03187b594643a1c34653ea04b2f8d8f83e634c656066d5e758b7295e777324e19509e30c5ae561077f535886a0cf81fb66f9adee083376f033a3e53213f70ff8ccce9384a581d5b640593304b4490e745564b8ad01f8b6332a7502caac0a3c5a9c0619eabbf5db29ed32efeb61fc6efb09873b859d2a1f18e2bbdb7138f9fe828214f3e7af9050000ffff0300504b030414000600080000002100b6f46798d2060000c920000015000000776f72642f7468656d652f7468656d65312e786d6cec594b8b1b4710be07f21f86b9cb7acde861ac35d248f26bd736deb5838fbd526ba6ad9e69d1dddab53086609f7209049c90430cb9e510420c31c4e4921f63b0499c1f91ea1e49332df5c48f5d8309bb82553fbeaafebaaababa3473e1e2fd983a47980bc2928e5b3d57711d9c8cd8982461c7bd7d302cb55c4748948c116509eeb80b2cdc8b3b9f7f76019d97118eb103f289388f3a6e24e5ec7cb92c46308cc43936c309cc4d188f91842e0fcb638e8e416f4ccbb54aa5518e11495c274131a8bd31999011760e944a7767a57c40e15f22851a1851beaf5463434263c7d3aafa120b1150ee1c21da71619d313b3ec0f7a5eb5024244c74dc8afe73cb3b17ca6b212a0b64737243fdb7945b0a8ca7352dc7c3c3b5a0e7f95ea3bbd6af01546ee306cd4163d058ebd300341ac14e532ea6ce662df096d81c286d5a74f79bfd7ad5c0e7f4d7b7f05d5f7d0cbc06a54d6f0b3f1c06990d73a0b4e96fe1fd5ebbd737f56b50da6c6ce19b956edf6b1a780d8a2849a65be88adfa807abddae2113462f5be16ddf1b366b4b78862ae7a22b954f6451acc5e81ee3430068e7224912472e66788246800b1025879c38bb248c20f066286102862bb5cab05287ffeae3e996f6283a8f514e3a1d1a89ad21c5c711234e66b2e35e05ad6e0ef2eac58b978f9ebf7cf4fbcbc78f5f3efa75b9f6b6dc65948479b9373f7df3cfd32f9dbf7ffbf1cd936fed7891c7bffee5abd77ffcf95feaa541ebbb67af9f3f7bf5fdd77ffdfcc402ef727498871f90180be73a3e766eb118366859001ff2f793388810c94b749350a00429190b7a2023037d7d8128b2e07ad8b4e31d0ee9c206bc34bf6710de8ff85c120bf05a141bc03dc6688f71eb9eaea9b5f2569827a17d713ecfe36e2174645b3bd8f0f2603e83b827369541840d9a3729b81c8538c1d251736c8ab145ec2e21865df7c88833c126d2b94b9c1e2256931c9043239a32a1cb2406bf2c6c04c1df866df6ee383d466deafbf8c844c2d940d4a61253c38c97d05ca2d8ca18c5348fdc4532b291dc5ff091617021c1d321a6cc198cb11036991b7c61d0bd0669c6eef63dba884d2497646a43ee22c6f2c83e9b06118a6756ce2489f2d82b620a218a9c9b4c5a4930f384a83ef8012585eebe43b0e1eeb79feddb9086ec01a266e6dc76243033cfe3824e10b629eff2d848b15d4eacd1d19b874668ef624cd1311a63ecdcbe62c3b39961f38cf4d508b2ca656cb3cd5564c6aaea275840ada48a1b8b63893042761f87ac80cfde6223f12c5012235ea4f9fad40c99015c75b1355ee9686aa452c2d5a1b593b82162637f855a6f46c8082bd517f6785d70c37fef72c640e6de07c8e0f79681c4feceb63940d458200b98030455862ddd8288e1fe4c441d272d36b7ca4dcc439bb9a1bc51f4c424796b05b451fbf81faff6810ae3d50f4f2dd8d3a977ecc093543a45c964b3be29c26d563501e363f2e917357d344f6e62b8472cd0b39ae6aca6f9dfd73445e7f9ac9239ab64ce2a19bbc847a864b2e2453f025a3de8d15ae2c2a73e1342e9be5c50bc2b74d923e0ec8f8730a83b5a68fd9069164173b99c810b39d26d8733f90591d17e8466b04c55af108aa5ea50383326a070d2c356dd6a82cee33d364e47abd5d5734d1040321b87c26b350e659a4c471bcdec01de5abdee85fa41eb8a80927d1f12b9c54c12750b89e66af02d24f4ce4e8545dbc2a2a5d417b2d05f4bafc0e5e420f548dcf75246106e10d263e5a7547ee5dd53f7749131cd6dd72cdb6b2baea7e36983442edc4c12b9308ce0f2d81c3e655fb733971af49429b669345b1fc3d72a896ce4069a983de718ce5cdd07352334ebb813f8c904cd7806fa84ca54888649c71dc9a5a13f24b3ccb8907d24a214a6a7d2fdc74462ee501243ace7dd40938c5bb5d6547bfc44c9b52b9f9ee5f457dec97832c12359309275612e55629d3d215875d81c48ef47e363e790cef92d0486f29b5565c03111726dcd31e1b9e0ceacb891ae9647d178df921d514467115ade28f9649ec2757b4d27b70fcd747357667fb999c35039e9c4b7eedb85d4442e69165c20ead6b4e78f8f77c9e7586579df6095a6eecd5cd75ee5baa25be2e417428e5ab698414d31b650cb464d6aa75810e4965b8766d11d71dab7c166d4aa0b625557eaded68b6d76780f22bf0fd5ea9c4aa1a9c2af168e82d52bc93413e8d15576b92f9d39271df741c5ef7a41cd0f4a95963f287975af526af9dd7aa9ebfbf5eac0af56fabdda43308a8ce2aa9fae3d841ffb74b17c6fafc7b7deddc7ab52fbdc88c565a6ebe0b216d6efeeabb5e277f70e01cb3c68d486ed7abbd728b5ebdd61c9ebf75aa576d0e895fa8da0d91ff603bfd51e3e749d230df6baf5c06b0c5aa54635084a5ea3a2e8b7daa5a657ab75bd66b735f0ba0f97b6869dafbe57e6d5bc76fe050000ffff0300504b0304140006000800000021008135b7e159040000bf0c000011000000776f72642f73657474696e67732e786d6cb4576d6fe23810fe7ed2fd0794cf47f302a4345aba2a50ae5d95ddd3d2d37d76628758b5e3c87678d9d3fdf71b3b31a15bb4825df50b71e69979663c1ecf840f1f779cf536442a2aca89175e055e8f9499c0b45c4fbcbf9f17fdb1d7531a951831519289b727cafb78fbfb6f1fb689225a839aea0145a9129e4dbc42eb2af17d9515842375252a5202980bc9918657b9f639922f75d5cf04af90a6296554effd280862afa51113af9665d252f439cda45022d7c62411794e33d23e9c853cc76f63321759cd49a9ad475f120631885215b4528e8dff2c1b808523d9fc68131bce9cde360cced8ee56487cb038273c6350499111a5e080387301d2b2733c7c4374f07d05bedb2d5a2a300f03bb3a8e7c741941f48620cec8ee328e71cbe183e5310fc597f1c4071eda25368c7f2e9823025c5f44110d5c1ce661cc8fb814d6b8b88cce9d916f6c91460552878a348ce4b20d8e0e747bdee55bb1732ab0819e682a916cee775b7e3c4b1ed7a5902865100e94610f2aa967a333bf7020e661976467e5260f6601d9b985aef34d08dedb261591195c3d685941e0f906808217f94a230d4489aa0863b687658c20f0bb4dd61271e83e4e626d30c951cdf4334a575a54a0b441b0bdeba8a5cc0a2451a6895c552803b69928b514cce961f159e81974320917adb5b07dad5bad9a1e091625e2b0e1577d6f29303191d5929e7f32c6c07a0f47c72ebf7724a0a74b8ac9b349f44aef195940f02bfa8ddc95f853ad340546dbfd7e21821f05404ae3f90b94c6f3be220b82740d697a2767f624168c564b2aa5908f2586da78376734cf890407146a6d09e543a5d8da3c3f10846194be93df5a917f40196ee6e019caf2652ab416fc615f1590eb5f3b495beffe71f9c20701566ef155087d500dc2fb5134bd6f2235e8394814478bf1f52964341f4ce78b5348bc18de8c6f4e2137e3c138b83b85cca65118b4597c8ddc47d7c3f1ec14b2b88bc2c8c6e61ff6cd1333ceff926e652e4f8f371633c45349516f6906be6f3452f932a5a5c353029d901c23ab3a7560bfdf008a23c616708c0eb047c0134c553527b95db32592eb8eb7d59027a5d0c93e1db84c6724f24f29eaaa41b71255cda5702ae170d85ad2523f51eee4aa4e57ceaa84de7d04d525feb291364f5d7ab6898622b3cde509d962b5baa4ec3f7e6e8b99c9952944b24455d5d473ba0e271ea3eb4287a60435bc61f82eb42fe93a6ab1c8625183d91794999d8176bbe86491931de90d9c6cd0c9864e36ec6423271b75b2d8c962232ba0834918272f70b5dcd2c873c198d812fcd0e16f444d1254812a326fa60d94976804edf851bd4d427630cb08a61a3eb72b8a39da99d116c5c6bcd566682f6afd4ad76046b97acd60867fdb4cfc57c6b6c4bf8bc54cc18c4239aef63ced86db551338a30a1a510573500be9b03f2c160e132cb24733b0878d3cbe816fab793b3dc3919d9fdaf62a38f7af249f2245708b39d35163faef78701d4fe320e8cf06c3791f6e7ed81fdfc4d7fdc1309c2dc27811cca3d97fed2575ff3c6eff070000ffff0300504b030414000600080000002100f9036bfbb80b0000a17300000f000000776f72642f7374796c65732e786d6cbc9d5d73dbba1186ef3bd3ffc0d1557b91c8f2879c788e73c67192dad338c727729a6b88842cd420a1f223b6fbeb0b80940479098a0b6e7d634b94f6018817ef124b91d26fbf3fa532fac5f342a8ec7c34797b308a7816ab4464f7e7a31f775fdebc1b4545c9b2844995f1f3d1332f46bf7ff8eb5f7e7b3c2bca67c98b4803b2e22c8dcf47cbb25c9d8dc745bce4292bdeaa15cff48b0b95a7acd44ff3fb71caf2876af52656e98a95622ea4289fc7870707d35183c9fb50d4622162fe49c555cab3d2c68f732e355165c552ac8a35edb10fed51e5c92a57312f0abdd3a9ac792913d906333906a054c4b92ad4a27cab77a6e99145e9f0c9817d94ca2de0040738048069cc9f708c770d63ac235d8e48709ce98623128713d61907905428c4e1d1ba1fe69f0977584552264b1c6eadd1d8c4b2922d59b174891cb783271bdc736ac63b8dcfaeef3395b3b9d4243d83223d09220b367ff5589a7ff6217fb2dbcd2e98077ac73e6877252afec417ac9265619ee6b779f3b47966ff7d515959448f67ac8885b8d3ddd46da542377b75911562a45fe1ac282f0ac15a5f5c9a07adafc445e96cfe2812311a9b161f789ee9977f31793e3aac3715ffdd6cd86cb9349ddad9265976bfdec6b337d7dfdcced94d3f6666d35c37753e62f99bd9850d9c1c9f4971cfca2ad7a9c63cb3843a23e5c9a5de7ffe54564c9a378f9b81a9ff3bc3b57af9ccf672c562613bc51625d78967323d303d90c2e4b9c393f7eb27df2b2321ab4ad5346201f5ff0d760c14d3f94867a7599d24f5ab7cf155c50f3c9995fa85f3916d4b6ffc717d9b0b95eb44783e7a6fdbd41b673c1557224978e6bc315b8a84ff5cf2ec47c193edf63fbfd864d66c885595e9c747a7533b8b64917c7e8af9caa446fd6ac68ca6df4c8034efaec4b6711bfe9f356cd2c8d616bfe4cc1c1fa2c94b84ed3e0a7168220a676fdb99d58b7db7ef423574f45a0d1dbf564327afd5d0f4b51a3a7dad86debd564316f3ff6c4864893e7cd8f7c36600751fc7e34634c7633634c7e32534c7631534c7e30434c733d1d11ccf3c46733cd314c12955ec9b85ce643ff2ccf66eeefe63441877ff21218cbbff0810c6dd9ff0c3b8fbf37b18777f3a0fe3eecfde61dcfdc91acfad975ad1b5b659560e76d942a93253258fcca277308d659a658b661a9e39e8f19c6427093075666b0ec4836931b3cff7cf106bd2f0e37969eac5482da285b83725cfe08ef3ec17976ac52396249a4708ccb92eca3c231232a773bee039cf624e39b1e9a0a6128cb22a9d13cccd15bb2763f12c211ebe359124296c26b4ae9f97c624826052a72cced5f0ae2946961fbe8a62f8581948f4b1929213b1bed14c31cb1a5e1b58ccf0d2c0628657061633bc307034a31aa2864634520d8d68c01a1ad1b8d5f3936adc1a1ad1b83534a2716b68c3c7ed4e94d2a67877d531e97feeee522af331c7e07eccc47d66cfca0e2635e74ca35b96b3fb9cad969139abdd8e75f719dbce47953c477714c7b40d896a5d6fa78839972db26af880eed0a8ccb5e111d96bc32332d88637dc62377a996c16685734f5ccac9a97ada6b5a45ea69d3159d50bdae16e63e5f019b635c0179117643668c712cce06f66396be4a4c87cdb5e0eefd89635dc562fb31269f71a24412fa58a1f68d2f0d5f38ae7ba2c7b184cfaa2a4548f3ca123ceca5cd573cdb5fca195a497e53fa7ab252b84ad957610fd0ff5eb0b24a21bb61abc43b792898c46b7cf6f52266444b782b8babbf91adda9952933cdc0d0003faab2542919b33913f8b79f7cfe779a0e5ee822387b26dadb0ba2d343167629080e323549254424bdcc14992039865ade3ff9f35cb13ca1a1dde6bcbe26a9e444c4194b57f5a283c05b3a2f3eeafc43b01ab2bc7fb15c98f34254a6ba238139a70d8b6afe6f1e0f4f75df54447266e88faab4e71fed52d746d3e1862f137670c39708564d7d7830f39760677770c377760747b5b397921585f07e841acca3dadd358f7a7f87177f0d4f49952f2a4937806b20d908ae816443a864956605e51e5b1ee10e5b1ef5fe124e19cb2338256779ffc845422686855129616154325818950616462ac0f02b741cd8f0cb741cd8f06b756a18d112c08151cd33d2c33fd1a73c0e8c6a9e5918d53cb330aa79666154f3ece853c4170bbd08a63bc43848aa39e720e90e3459c9d395ca59fe4c84fc2cf93d2338415ad36e73b53037aba8acbe889b0069ce514bc2c5768da312f9279f9375cdb028fb4570469449a914d1b9b5ed01c746ee5ebbb62fccde0932b80bb792c57ca964c273cf3ef96375bd3cab6fcb78d97ddb8d5ea73dbf8afb6519cd969bb3fd2e667ab037725db0ef84ed6fb06dcca7eb9b5fdac26e7822aa74dd517833c5f4a87fb09dd13bc1c7fb83b72b899dc8939e91b0cde9fec8ed2a7927f2b467246cf35dcf48ebd39dc82e3f7c62f943eb4438ed9a3f9b1acf33f94ebb66d126b8b5d9ae89b4896c9b82a75db368c72ad1451c9b4f0ba03afd3ce38fef671e7f3cc6457e0ac64e7e4a6f5ff9115d06fbce7f097364c7244ddbdee6ea0990f7ed22ba57e6fcb352f579fb9d0f9cfadfd475ad174e59c1a356ce51ff0fae76b28c7f1c7ba71b3fa277def1237a27203fa25726f286a352929fd23b37f911bd93941f81ce56f08880cb56301e97ad607c48b68294906c356015e047f45e0ef81168a34204daa803560a7e04caa8203cc8a89082362a44a08d0a1168a3c20518cea8301e6754181f62544809312aa4a08d0a1168a34204daa81081362a44a08d1ab8b6f78607191552d0468508b45121026d54bb5e1c6054188f332a8c0f312aa484181552d0468508b45121026d5488401b1522d046850894514178905121056d5488401b1522d046ad6f350c372a8cc71915c687181552428c0a2968a34204daa81081362a44a08d0a1168a34204caa8203cc8a89082362a44a08d0a1168a3da0f0b071815c6e38c0ae3438c0a2921468514b45121026d5488401b1522d0468508b45121026554101e645448411b1522d0468588aef9d97c44e9bbcc7e823febe9bd62bfff47574da7bebbb772bba8a3fea875affcacfef7227c54ea216abdf1f0c8d61bfd20622e85b2a7a83d1fabbb5c7b4904ea83cf3f2ebbeff071e903bf74a9b917c27e660ae0c77d23c13995e3ae29ef468222efb86ba6bb9160d579dc957ddd4870183cee4abad697eb8b52f4e1080477a5192778e209efcad64e381ce2ae1ced04c211eecacc4e201ce0ae7cec049e442639bf8c3ee9394ed3cdf5a580d0351d1dc2a99fd0352da156eb740c8dd157343fa1af7a7e425f19fd04949e5e0c5e583f0aadb01f152635b41956ea70a3fa0958a92121486a8009971aa282a586a830a96162c44a0d0958a9c393b39f102435c0844b0d51c152435498d4f05086951a12b052430256ea8107642f265c6a880a961aa2c2a4868b3bacd49080951a12b052434290d400132e3544054b0d516152832a192d352460a58604acd490102435c0844b0d51c152435497d4f62cca8ed428859d70dc22cc09c41d909d405c72760203aa25273ab05a720881d512d46aad39ae5a7245f313faaae727f495d14f40e9e9c5e085f5a3d00afb516152e3aaa536a9c38dea2760a5c6554b5ea971d552a7d4b86aa9536a5cb5e4971a572db5498dab96daa40e4fce7e4290d4b86aa9536a5cb5d42935ae5af24b8dab96daa4c6554b6d52e3aaa536a9071e90bd9870a971d552a7d4b86ac92f35ae5a6a931a572db5498dab96daa4c6554b5ea971d552a7d4b86aa9536a5cb5e4971a572db5498dab96daa4c6554b6d52e3aa25afd4b86aa9536a5cb5d42935ae5abad12182e02ba06629cbcb88eefbe2ae58b12cd9f02f27fc91e5bc50f2174f22da5dfd8adacbf1e3cecf5f19b6fdb540fdfe528f99f90674e776a5a4fe06d80668df789d6c7ea6ca049b9e44cdaf87359b6d879b8f6beb166d206c2a5eeab6e2e6bbab3c4d35df41bbb989ca7e03edcb863d5f546b3bb29d80eb773743ba1daffa7d3ba3d5d9efd24cf88e3e5b43748e51ed195f07df3749605f0f757fe6b2fec934fde03a4b34e0b1f9b9b0baa7c913ab51faf54b2ee50dabdfad56feb74abe28eb572707f62b0b5ebc3eafbf7dcf1b9fdb34ed058c773b533f6d7eb6cd33def5f7f137d70f78a7a4c9452dc36d2f66193ad2dbbead1f151ffe070000ffff0300504b030414000600080000002100be7e76625e010000d003000014000000776f72642f77656253657474696e67732e786d6c9cd3514fc2301000e07713ffc3d277e840218630488cc1f8624cd41f50da1b6b6c7b4b5b1cf8ebbd4ec0195e982febb5db7db9ebdaf972674df6093e6874051b0d73968193a8b4db14ecfd6d35b8635988c22961d041c1f610d872717d356f660dac5f2146fa3264a4b830b3b260558cf58cf3202bb0220cb106472f4bf456449afa0db7c27f6ceb81445b8ba8d7dae8b8e7e33c9fb203e32f51b02cb58407945b0b2eb6f9dc8321115da8741d8e5a7389d6a057b5470921503fd6fc785668776246b76790d5d263c0320ea99943452d45e9a3bc8dacf90526fd80f1193095b0eb67dc1d0c4e995d47ab7ecef4e468d571fe574c0750db5ec4f8e658471a527ac70a2aaaaa1f77fc473ce58a282a11aaae08fd1a9c9cb8bd4dfb6de5ec69e3d08bb521894e504687206be1f4a4bd4c431bc2ae5d4f2da4801a5bd015c33a6aabbf6085fede6313c0f3b42c8cc1e6e5f99126fccf3d5c7c030000ffff0300504b030414000600080000002100ccc79855ff010000cc06000012000000776f72642f666f6e745461626c652e786d6cdc93cf8e9b3010c6ef95fa0e96ef1b0cf9b3295ab252db8d54a9eaa1da3e80634cb016dbc8e384e4ed3b36248b14adb4f4d0c37200f38de7c7ccc7f8e1f1a41b72940e9435054d678c1269842d95d917f4cff3f66e4d09786e4ade58230b7a96401f379f3f3d7479658d0782f906722d0a5a7bdfe64902a2969ac3ccb6d260b0b24e738faf6e9f68ee5e0eed9db0bae55eed54a3fc39c9185bd101e3de43b155a584fc6ec5414be3637ee26483446ba0562d5c68dd7b689d7565ebac9000d8b36e7a9ee6ca5c31e9e206a49570166ce567d8cc505144617acae24a37af80e5344076035809799ac6580f8c0433c71c554ee3acae1c558e38ff56cc08501e2621b2f9a58ef008e9231694beaca7e12eff2809b9dcf39a433d26ca690d2eafb8b30e7e6b91ffd81bebf8ae41124e10c12120111ceee86578c4a53c453db41016d8d866385ca4cb0dd798ff8d376ae7540cb4dc589029c68ebc292876b2654b163acad882cdc39d2661a3a8b9031920fd46d6cb15d7aa395f54e814401f689517f5453f72a742ed7d08d41e0307d8b1823e2d18cb9eb65bda2b29568727265bdc7f1d942c7c2b5e5f06657e55585044e4c4d7b4e788c8b9eec16f26bd03374e3c2b2d81fc921df96d35376f3892b1153ab1443f8233f3498eb8c89de408bb710495fbf5f2bf3832cc06f9a9f6b57f7342c25c7cd0091916b0f90b0000ffff0300504b0304140006000800000021005910116771010000ed02000011000801646f6350726f70732f636f72652e786d6c20a2040128a00001000000000000000000000000000000000000000000000000000000000000000000000000000000000000000000000000000000000000000000000000000000000000000000000000000000000000000000000000000000000000000000000000000000000000000000000000000000000000000000000000000000000000000000000000000000000000000000000000000000000000000000000000000000000000000000000000000000000000000000000000000000000000000000000000000000000000000000000000000000000000000000000000000000000000000000000000000000000000000000000000000000000000000000000000000000008c925d4f83301486ef4dfc0fa4f750608b12022cd16537bac4c4198d77b53d1b75509ab61be3df5b603089bbf0ee7c3ce7ede9db268b53593847509a57224581e7230704ad1817bb14bd6d566e841c6d8860a4a804a4a8018d16d9ed4d42654c2b052faa92a00c07ed5825a1632a53941b23638c35cda124dab384b0cd6da54a626caa765812ba273bc0a1efdfe1120c61c410dc0aba725444674946474979504527c02886024a1046e3c00bf08535a04a7d75a0ebfc224b6e1a0957d1a139d227cd47b0ae6baf9e75a8dd3fc01febe7d7eeaa2e17ad57145096301a1b6e0ac8127c096da40f5fdf404d5f1e131b5305c4542a7bca0f3a7796a009ef98a1de3abe87a6ae14d3767a92598c81a68a4b63dfb1d79e142c5d106dd6f661b71cd843333de66fbb9d5070e4edbfc8661d31a6c9d9e47e35608e3527eead1c3aefb3c7e56685b2d00fe7ae1fb961b809a238b88f7dffb3dd6e327f112ccf0bfc5b711e4d150781dea0e907cd7e000000ffff0300504b0304140006000800000021001b3f1df8df010000e003000010000801646f6350726f70732f6170702e786d6c20a2040128a00001000000000000000000000000000000000000000000000000000000000000000000000000000000000000000000000000000000000000000000000000000000000000000000000000000000000000000000000000000000000000000000000000000000000000000000000000000000000000000000000000000000000000000000000000000000000000000000000000000000000000000000000000000000000000000000000000000000000000000000000000000000000000000000000000000000000000000000000000000000000000000000000000000000000000000000000000000000000000000000000000000000000000000000000000000000009c53c16edb300cbd0fd83f18be37b2d32e2d0245c59062e8615b03c46dcf9a4c27c2644990d8a0d9d78fb2174fd97aaa4f8f8ff4d31349f1dbd7de140708513bbb2aeb59551660956bb5ddadcac7e6cbc54d594494b695c65958954788e5adf8f8816f82f31050432c48c2c655b947f44bc6a2da432fe38cd296329d0bbd440ac38eb9aed30aee9c7ae9c1229b57d582c12b826da1bdf09360392a2e0ff85ed1d6a9e42f3e35474f7a8237d07b2311c4f7f4a799b50e7bce2696370ea569740fe2b2267e8af846ee200ae246c09f5d68a3b8bafec4d908f97a2f8354482d14f3eb9a2a33827ff6de682591ba2bbe69155c741d160f83e5220970969770bac616d44bd07814156779c8bf6a4b0ee673ce4644de82dc05e9f7512c92c129e25b250daca903a2932602677f097e0f324d7723753278c0e50114ba5044fd8be63b2f8b1f3242eadbaa3cc8a0a5c5722c1b83011b1f318846a321ed291e605e96637d95ba3882f3c221183c103e77379c101f3aba1bbe61b6cecd0e1e46ab999ddcd9e98c7f54d7aef7d25283d984a8c13fe3a36fdc5dda8e3f3d3c27b3b93f6bdc6fbd543493cbfaa6ca37204bf12db1d0d248a7a14c04bfa72b04930ea07fed0eda53cdff89b4534fe38315f56256d1372cd189a34d985e92f80d0000ffff0300504b01022d0014000600080000002100dfa4d26c5a010000200500001300000000000000000000000000000000005b436f6e74656e745f54797065735d2e786d6c504b01022d00140006000800000021001e911ab7ef0000004e0200000b00000000000000000000000000930300005f72656c732f2e72656c73504b01022d0014000600080000002100f29d02148a0b00002d2800001100000000000000000000000000b3060000776f72642f646f63756d656e742e786d6c504b01022d0014000600080000002100d664b351f4000000310300001c000000000000000000000000006c120000776f72642f5f72656c732f646f63756d656e742e786d6c2e72656c73504b01022d0014000600080000002100b6f46798d2060000c92000001500000000000000000000000000a2140000776f72642f7468656d652f7468656d65312e786d6c504b01022d00140006000800000021008135b7e159040000bf0c00001100000000000000000000000000a71b0000776f72642f73657474696e67732e786d6c504b01022d0014000600080000002100f9036bfbb80b0000a17300000f000000000000000000000000002f200000776f72642f7374796c65732e786d6c504b01022d0014000600080000002100be7e76625e010000d00300001400000000000000000000000000142c0000776f72642f77656253657474696e67732e786d6c504b01022d0014000600080000002100ccc79855ff010000cc0600001200000000000000000000000000a42d0000776f72642f666f6e745461626c652e786d6c504b01022d00140006000800000021005910116771010000ed0200001100000000000000000000000000d32f0000646f6350726f70732f636f72652e786d6c504b01022d00140006000800000021001b3f1df8df010000e003000010000000000000000000000000007b320000646f6350726f70732f6170702e786d6c504b0506000000000b000b00c1020000903500000000, NULL, 'The Gamble of my life.docx', '2024-08-23 08:34:29'),
(10, 'TCH-2407000002', '10931121018', 0x6869, 'text', NULL, '2024-08-23 08:40:25');
INSERT INTO `forum_messages` (`message_id`, `sender_id`, `receiver_id`, `message_content`, `content_type`, `file_name`, `timestamp`) VALUES
(11, 'TCH-2407000002', '10931121018', 0x504b030414000600080000002100dfa4d26c5a01000020050000130008025b436f6e74656e745f54797065735d2e786d6c20a2040228a000020000000000000000000000000000000000000000000000000000000000000000000000000000000000000000000000000000000000000000000000000000000000000000000000000000000000000000000000000000000000000000000000000000000000000000000000000000000000000000000000000000000000000000000000000000000000000000000000000000000000000000000000000000000000000000000000000000000000000000000000000000000000000000000000000000000000000000000000000000000000000000000000000000000000000000000000000000000000000000000000000000000000000000000000000000000000000000000000000000000000000000000000000000000000000000000000000000000000000000000000000000000000000000000000000000000000000000000000000000000000000000000000000000000000000000000000000000000000000000000000000000000000000000000000000000000000000000000000000000000000000000000000000000000000000000000000000000000000000000000000000000000000000000000000000000000000000000000000000000000000000000000000000000000000000000000000000000000000000000000000000000000000000000000000000000000000000000000000000000000000000000b494cb6ec2301045f795fa0f91b75562e8a2aa2a028b3e962d52e907187b0256fd92c7bcfebe1302515501910a6c222533f7de3356c683d1da9a6c0911b57725eb173d9681935e69372bd9d7e42d7f641926e19430de41c936806c34bcbd194c36013023b5c392cd530a4f9ca39c831558f8008e2a958f56247a8d331e84fc1633e0f7bdde0397de2570294fb5071b0e5ea0120b93b2d7357d6e48221864d973d35867954c8460b41489ea7ce9d49f947c97509072db83731df08e1a183f9850578e07ec741f7434512bc8c622a67761a98baf7c545c79b9b0a42c4edb1ce0f455a525b4fada2d442f0191cedc9aa2ad58a1dd9eff2807a68d01bc3c45e3db1d0f2991e01a003be74e84154c3faf46f1cbbc13a4a2dc89981ab83c466bdd09916803a179f6cfe6d8da9c8aa4ce71f40169a3e33fc6deaf6cadce69e00031e9d37f5d9b48d667cf07f56da0401dc8e6dbfb6df8030000ffff0300504b0304140006000800000021001e911ab7ef0000004e0200000b0008025f72656c732f2e72656c7320a2040228a000020000000000000000000000000000000000000000000000000000000000000000000000000000000000000000000000000000000000000000000000000000000000000000000000000000000000000000000000000000000000000000000000000000000000000000000000000000000000000000000000000000000000000000000000000000000000000000000000000000000000000000000000000000000000000000000000000000000000000000000000000000000000000000000000000000000000000000000000000000000000000000000000000000000000000000000000000000000000000000000000000000000000000000000000000000000000000000000000000000000000000000000000000000000000000000000000000000000000000000000000000000000000000000000000000000000000000000000000000000000000000000000000000000000000000000000000000000000000000000000000000000000000000000000000000000000000000000000000000000000000000000000000000000000000000000000000000000000000000000000000000000000000000000000000000000000000000000000000000000000000000000000000000000000000000000000000000000000000000000000000000000000000000000000000000000000000000000000000000000000000000000ac92c16ac3300c40ef83fd83d1bd51dac118a34e2f63d0db18d907085b494c13dbd86ad7fefd3cd8d8025de96147cbd2d393d07a739c4675e0945df01a96550d8abd09d6f95ec35bfbbc78009585bca53178d670e20c9be6f666fdca234929ca838b59158acf1a0691f88898cdc013e52a44f6e5a70b692229cfd46324b3a39e7155d7f7987e33a09931d5d66a485b7b07aa3d45be861dbace197e0a663fb197332d908fc2deb25dc454ea93b8328d6a29f52c1a6c302f259c9162ac0a1af0bcd1ea7aa3bfa7c589852c09a109892ffb7c665c125afee78ae6193f36ef2159b45fe16f1b9c5d41f3010000ffff0300504b030414000600080000002100f29d02148a0b00002d28000011000000776f72642f646f63756d656e742e786d6cdc5ad96ee338167d1f60fe81e3a7692089f72de84ac15bba3340630a9d0cfa9996689915495493941dd7537fc4bccceff597ccb9a4e4358bb234063df510db927879d773cfa5eafbcf0f49cc56421ba9d24fb5e645a3c6441aa850a6d1a7dabfeeaecf0735662c4f431eab547caa6d84a97dbefaeb5fbe5f5f862ac813915a0611a9b95c67c1a7dad2daecb25e37c15224dc5c2432d0caa885bd085452578b850c447dad74586f359a0df72dd32a10c660bf094f57dcd40a71c1433569a1e66b2c26819d7ab0e4da8a879d8ce6ab8574ebc3fae05450eb0d826061ab792aaafd6a51bd3a697522a8f32641d0ea4452f76d921e31aef73649ad5349fdb7496a9f4a1abc4dd2493a25a709ae3291e2e642e9845bfcd4513de1fa3ecfce2138e356ce652ced06321bbd520c97e9fd1b34c2aaad84a41dbe5a42bf9ea850c4edb094a23ed5729d5e16ebcfb7eb49f54bbfbef8d8ae1071b56db1ddb02e1e6c6c6cb95657f19d5f3e2d80c579adae450c3faad42c65b64587e4add27073590a593de780551297cfadb366c5527b0adaa63e0c3b8155d42f6297c45ef3e725361b15a24922b62baaa870b867a949820cde6dfc26d7ec39b759117c4a01ad1301bd40546c16a58c4121a31eecaa9be4c88a6555caf151213972e7d866450c3c56664f4098bf4a44ab5dea411fb47c4f96096db87c9db83246755acb2d5f72b32d1a92285e6760772b6e93ecf93b8bde57543f6895673b69f27dd26e76f0ba26a2f30a594571ee0386799f32b74b9e017593e0f2264a95e6f3181aa1d418aa85b908d05f241d7db8afe2c15da758d3973067845ab52bf0b4b90a37f499e146e732e39adf20cdfba3417bd06b746bee2aba9ca5abad46afdf9b7441fad697e084e1cf9f6a8dc664dc6a369adb4b53b1e0796c4fef7cd9bbe436fca2e9e36b80fb2b8ed611008685aed5e9aaf637e7eec77c62dca7f9563eda1af8c7ccb78939bc562fd6d6b71be852b32ffa4883776fb2beb457774bc17ee00962c0d482251b16cb85f81b3d62fd835e975317771ae34ebbdb2467eeb9b85ffc3b70f1acd5ef0c26db4bde90a38b7b7e3fbcf3917eef9c7ac45d3af6fae316b75ae361afd126cd5eb2f828a9bcc5ad5eeb7ab07beeb59956d8b617e047e25bdd9a6ea3d39e3627d3436b605fbf7ddd3eb4e648f197e2f7bc354fe7b39bb52e4dc603e041a685117a256a5737ec201b8b3ff62a72590b90907659262e9b6f8e1f7eed762c582a4530c52c4ac3f3b39588372c156b3601efcd916dec3690982405c3ecc8c6391e07b4b1db8db12231ecef93dbf1ed77982cb5e00903e520f5c6772258b250445a880bacb16c2e704bb050ae6837995a45cf618d011f3c63b1b02c11745dab30c75e1b95333c6397d230a069a4219cf65f2f374c5ab6e68605586d457871e8b2c713a0713d998c06add161023466a3fe603a6b7c0846be3ed6292c0cf9e6f7dffe63d8821b7b4e4f84f051242d8f191a491c9e914fe0470486a204b7a62a56d1c667c2bc8c06dc0f5fe0321a3c7c8dc644ce240f517411d040e781e4f105fb1937a3547ef34187775321b0cb1dc801229e1ad8cad360c36ea1241a1b027c37417cb791095daa50d08b98fffedbbf39cb53f96b2eb6910a8591514acf2a86bc4dfd22a7bd0c60da42e569e8670142629ab05ca69922d39c71854d32d89999f09447c21d55641af6c92c16a65202f407d793ee64d0ab80678f22c0d3787678a72a9e351ba780e6af5543b4f6b03b694e9ab4efbe3dbd4177d81ab45ec6e7773281477acf3bbbf97e9ffe05453e0525ba6113c2279f6e9fabf4e9e9703a1cf667875ee9b406cd667b7ce895ff2dce1313094520e9b0ce815942e868973c659c199920af099b518028af02ef3843e904794ca0c77c43b860778a45806c879786aa3e5029d97df64423b9416dc531b3fcdead79770399f3e0de03b5604273e0b3488fb7062aa8c54c9370bbc9b0de64228e6f2dd7b660324f6f7b858a07de5592384bc317e53d618629ba99161eb74c8e9b09fc3bcdb5474a6e99958938630b29e2d0a003c383b35804563b489ba511304ab8a7a951fd04b0e31eedf66fad858b33a052a6290f005f04803b5cbf6023e3ee3bf46780c0d448024a28e5ba26dd2b3b04b0f0ecf136bdbf253af4ec3b066b7404212e91a8bd87d2107ee23187e02b9f8ba40c7658e436d730ff47b5162ba1cfbcb980df0d1457a564e45a20328bfe8d2da01e14e5319a4d8ca4c056dab71ad2de290540cfa388680cec88b8c4d580d6a3df60ab6b7440e20f6baedd03ae379eb985247dafb161ff52cf446151a056826ac247e60c3928513e705de8f686a3e67023a63798ae69a9458e628d8e95829e171580a5dd1c8fdbbdeef0186ea793fea0f72c1dfe000c791e2d1fcfe85b758200274543adba5215be00d76b140791982afb55a8d1b798eb4b4aa1427c6648a2444a6f0e9bc65b90e18619213c28cb986b6c82eca13c47bebbbe74c1fe912309919e94a604d454156044214add003308afcf20672e628962f2dc89d2d9eb5c8a43ca8b8740509d5be03aeec950f0821ecd515c04436bc5ee05d5600c5d1c745049d271b0464aeb0888f3cdf12ad4f4967211b03820a25a7255e36894c6ae780c9b4aaa1e423bda1561039a06ce91aee01ca2d1e5051d69b87a5a2f15838bc5afb9ab773c84c2b574b8e1602577471f8cc791d26072c055daf998ac4ad4238450f6305488731484851ae0842a2fd9bf6799558a14353a9d0e8647ddffcfcbf1fabd56633ced116fd9b3a7d91f4d07ddf6b3073b7f028ef7d3868d904a1b230f71e30957f4bbedd9747c84bfbdc974da6fd2fb989742fb07103bb0546a33ae9a2535555448227de223db8b4e768e1c4eeffdcc9baa95abcd339a604385f477edcc0d3bd2e2d712d524d288469a7fee7a1c269d846baa32e08a4e5dd1d0c1bde50528d0e82ea325866c1e532f45d9dab5408f3b99ab0ecb309f7f459d63b31bbf51906b70993cce13cce3e01d2841c59682af24ca126827a0288485128ddddb616c1e02bec09ba4b9dfa145245270c1581adc21eb540ef2a4311f8a874c682b0d0da75b718a8c01ef09cb761da3ed933e260fe814750fd1dd1943a95128324c9604b79eb270a86efd34cdfdcb3ac29010a88b56bf333b50b936c22be6b7e18973a0d204e287832aa886a9023d9deb5e63dc9d1d9dc17646b359a73f2240fa23f9c113ad6b942ae7e06d5a51e210eda210cdb5e2681a7b0c8c4242c67f5573466f3e05bad02de527a2ad73b4084d69478950d2bc95a45322ca7fe7cb8f64fde61e5a49cc47c98731ff2b5077be52c784c0df7bc52074e507823d76795266203a618e6e66f6087439e3397f71d4582a0931566e1a909af8be5d52ded38197d01415e2cdd24f1ab1cb65b3940b5b251dfbd3c9783c998eff5f3a61f7badf69cf66541bafb4e74390de91b1e200cc45a540e6bd533036dfb0bb49d1097627578e71616c8ce9acd3642a3505b10116ae54ec0e43e900ce83dcf63470bf06c78e5f950490f00a1ba6915d3e7374b6053beede98d37c064db769e9c6207f6407c532b59d3049353a198089995c299a31b5a21915d830079ab09b3b67d2ee1cee0cdf5d7b836609436073c702b931c2ba653c3d3c88dc8dbae7a10632a73b6545ba925aa524b64a92f7dadde16c3039a27bbd5eb7d99f8d3a0749311cb4070d3afcfd087af45ca68cc8e610f38026764b673132cd5dc85db88bf0f07045884b863a1f8d6e800fb94523f46d955c5ccef8ee04c0bfc977f7dcfc2f9282621cd072e2d28a05f0b84146226c864ef2d12c2304ddc76fd7d90ea800684368029eb9b61853dbc3ca48abf505fba5642705b908f768021d4e3b6329bb63e18cf2dafbf383f385c22c40870e19f4e481c3b7c3b2a10100007e8e514266994fc1ac780740ff990d56533a41e41214075a199583ea9cf30525fd81f58fe78c0157f9b20dd94bc9e0b22cba25e05a03a29a434f2e97f8dec3328f6259f413770d4865b8dee9f8f707c4c0763fe16dc473f73b168bbdbba03068be40b086a3f10b852970f733caadfb598066a028b2657fa767dce550053f687a6f7c4967385fa40da065bb57a2aab7db7df5af8debbbffe777f55f000000ffff0300504b030414000600080000002100d664b351f4000000310300001c000801776f72642f5f72656c732f646f63756d656e742e786d6c2e72656c7320a2040128a0000100000000000000000000000000000000000000000000000000000000000000000000000000000000000000000000000000000000000000000000000000000000000000000000000000000000000000000000000000000000000000000000000000000000000000000000000000000000000000000000000000000000000000000000000000000000000000000000000000000000000000000000000000000000000000000000000000000000000000000000000000000000000000000000000000000000000000000000000000000000000000000000000000000000000000000000000000000000000000000000000000000000000000000000000000000000ac92cb6ac3301045f785fe83987d2d3b7d5042e46c4a21dbd6fd00451e3fa82c09cdf4e1bfaf4849ebd060baf072ae9873cf8036dbcfc18a778cd47ba7a0c87210e88caf7bd72a78a91eafee41106b576beb1d2a1891605b5e5e6c9ed06a4e4bd4f58144a23852d03187b594643a1c34653ea04b2f8d8f83e634c656066d5e758b7295e777324e19509e30c5ae561077f535886a0cf81fb66f9adee083376f033a3e53213f70ff8ccce9384a581d5b640593304b4490e745564b8ad01f8b6332a7502caac0a3c5a9c0619eabbf5db29ed32efeb61fc6efb09873b859d2a1f18e2bbdb7138f9fe828214f3e7af9050000ffff0300504b030414000600080000002100b6f46798d2060000c920000015000000776f72642f7468656d652f7468656d65312e786d6cec594b8b1b4710be07f21f86b9cb7acde861ac35d248f26bd736deb5838fbd526ba6ad9e69d1dddab53086609f7209049c90430cb9e510420c31c4e4921f63b0499c1f91ea1e49332df5c48f5d8309bb82553fbeaafebaaababa3473e1e2fd983a47980bc2928e5b3d57711d9c8cd8982461c7bd7d302cb55c4748948c116509eeb80b2cdc8b3b9f7f76019d97118eb103f289388f3a6e24e5ec7cb92c46308cc43936c309cc4d188f91842e0fcb638e8e416f4ccbb54aa5518e11495c274131a8bd31999011760e944a7767a57c40e15f22851a1851beaf5463434263c7d3aafa120b1150ee1c21da71619d313b3ec0f7a5eb5024244c74dc8afe73cb3b17ca6b212a0b64737243fdb7945b0a8ca7352dc7c3c3b5a0e7f95ea3bbd6af01546ee306cd4163d058ebd300341ac14e532ea6ce662df096d81c286d5a74f79bfd7ad5c0e7f4d7b7f05d5f7d0cbc06a54d6f0b3f1c06990d73a0b4e96fe1fd5ebbd737f56b50da6c6ce19b956edf6b1a780d8a2849a65be88adfa807abddae2113462f5be16ddf1b366b4b78862ae7a22b954f6451acc5e81ee3430068e7224912472e66788246800b1025879c38bb248c20f066286102862bb5cab05287ffeae3e996f6283a8f514e3a1d1a89ad21c5c711234e66b2e35e05ad6e0ef2eac58b978f9ebf7cf4fbcbc78f5f3efa75b9f6b6dc65948479b9373f7df3cfd32f9dbf7ffbf1cd936fed7891c7bffee5abd77ffcf95feaa541ebbb67af9f3f7bf5fdd77ffdfcc402ef727498871f90180be73a3e766eb118366859001ff2f793388810c94b749350a00429190b7a2023037d7d8128b2e07ad8b4e31d0ee9c206bc34bf6710de8ff85c120bf05a141bc03dc6688f71eb9eaea9b5f2569827a17d713ecfe36e2174645b3bd8f0f2603e83b827369541840d9a3729b81c8538c1d251736c8ab145ec2e21865df7c88833c126d2b94b9c1e2256931c9043239a32a1cb2406bf2c6c04c1df866df6ee383d466deafbf8c844c2d940d4a61253c38c97d05ca2d8ca18c5348fdc4532b291dc5ff091617021c1d321a6cc198cb11036991b7c61d0bd0669c6eef63dba884d2497646a43ee22c6f2c83e9b06118a6756ce2489f2d82b620a218a9c9b4c5a4930f384a83ef8012585eebe43b0e1eeb79feddb9086ec01a266e6dc76243033cfe3824e10b629eff2d848b15d4eacd1d19b874668ef624cd1311a63ecdcbe62c3b39961f38cf4d508b2ca656cb3cd5564c6aaea275840ada48a1b8b63893042761f87ac80cfde6223f12c5012235ea4f9fad40c99015c75b1355ee9686aa452c2d5a1b593b82162637f855a6f46c8082bd517f6785d70c37fef72c640e6de07c8e0f79681c4feceb63940d458200b98030455862ddd8288e1fe4c441d272d36b7ca4dcc439bb9a1bc51f4c424796b05b451fbf81faff6810ae3d50f4f2dd8d3a977ecc093543a45c964b3be29c26d563501e363f2e917357d344f6e62b8472cd0b39ae6aca6f9dfd73445e7f9ac9239ab64ce2a19bbc847a864b2e2453f025a3de8d15ae2c2a73e1342e9be5c50bc2b74d923e0ec8f8730a83b5a68fd9069164173b99c810b39d26d8733f90591d17e8466b04c55af108aa5ea50383326a070d2c356dd6a82cee33d364e47abd5d5734d1040321b87c26b350e659a4c471bcdec01de5abdee85fa41eb8a80927d1f12b9c54c12750b89e66af02d24f4ce4e8545dbc2a2a5d417b2d05f4bafc0e5e420f548dcf75246106e10d263e5a7547ee5dd53f7749131cd6dd72cdb6b2baea7e36983442edc4c12b9308ce0f2d81c3e655fb733971af49429b669345b1fc3d72a896ce4069a983de718ce5cdd07352334ebb813f8c904cd7806fa84ca54888649c71dc9a5a13f24b3ccb8907d24a214a6a7d2fdc74462ee501243ace7dd40938c5bb5d6547bfc44c9b52b9f9ee5f457dec97832c12359309275612e55629d3d215875d81c48ef47e363e790cef92d0486f29b5565c03111726dcd31e1b9e0ceacb891ae9647d178df921d514467115ade28f9649ec2757b4d27b70fcd747357667fb999c35039e9c4b7eedb85d4442e69165c20ead6b4e78f8f77c9e7586579df6095a6eecd5cd75ee5baa25be2e417428e5ab698414d31b650cb464d6aa75810e4965b8766d11d71dab7c166d4aa0b625557eaded68b6d76780f22bf0fd5ea9c4aa1a9c2af168e82d52bc93413e8d15576b92f9d39271df741c5ef7a41cd0f4a95963f287975af526af9dd7aa9ebfbf5eac0af56fabdda43308a8ce2aa9fae3d841ffb74b17c6fafc7b7deddc7ab52fbdc88c565a6ebe0b216d6efeeabb5e277f70e01cb3c68d486ed7abbd728b5ebdd61c9ebf75aa576d0e895fa8da0d91ff603bfd51e3e749d230df6baf5c06b0c5aa54635084a5ea3a2e8b7daa5a657ab75bd66b735f0ba0f97b6869dafbe57e6d5bc76fe050000ffff0300504b0304140006000800000021008135b7e159040000bf0c000011000000776f72642f73657474696e67732e786d6cb4576d6fe23810fe7ed2fd0794cf47f302a4345aba2a50ae5d95ddd3d2d37d76628758b5e3c87678d9d3fdf71b3b31a15bb4825df50b71e69979663c1ecf840f1f779cf536442a2aca89175e055e8f9499c0b45c4fbcbf9f17fdb1d7531a951831519289b727cafb78fbfb6f1fb689225a839aea0145a9129e4dbc42eb2af17d9515842375252a5202980bc9918657b9f639922f75d5cf04af90a6296554effd280862afa51113af9665d252f439cda45022d7c62411794e33d23e9c853cc76f63321759cd49a9ad475f120631885215b4528e8dff2c1b808523d9fc68131bce9cde360cced8ee56487cb038273c6350499111a5e080387301d2b2733c7c4374f07d05bedb2d5a2a300f03bb3a8e7c741941f48620cec8ee328e71cbe183e5310fc597f1c4071eda25368c7f2e9823025c5f44110d5c1ce661cc8fb814d6b8b88cce9d916f6c91460552878a348ce4b20d8e0e747bdee55bb1732ab0819e682a916cee775b7e3c4b1ed7a5902865100e94610f2aa967a333bf7020e661976467e5260f6601d9b985aef34d08dedb261591195c3d685941e0f906808217f94a230d4489aa0863b687658c20f0bb4dd61271e83e4e626d30c951cdf4334a575a54a0b441b0bdeba8a5cc0a2451a6895c552803b69928b514cce961f159e81974320917adb5b07dad5bad9a1e091625e2b0e1577d6f29303191d5929e7f32c6c07a0f47c72ebf7724a0a74b8ac9b349f44aef195940f02bfa8ddc95f853ad340546dbfd7e21821f05404ae3f90b94c6f3be220b82740d697a2767f624168c564b2aa5908f2586da78376734cf890407146a6d09e543a5d8da3c3f10846194be93df5a917f40196ee6e019caf2652ab416fc615f1590eb5f3b495beffe71f9c20701566ef155087d500dc2fb5134bd6f2235e8394814478bf1f52964341f4ce78b5348bc18de8c6f4e2137e3c138b83b85cca65118b4597c8ddc47d7c3f1ec14b2b88bc2c8c6e61ff6cd1333ceff926e652e4f8f371633c45349516f6906be6f3452f932a5a5c353029d901c23ab3a7560bfdf008a23c616708c0eb047c0134c553527b95db32592eb8eb7d59027a5d0c93e1db84c6724f24f29eaaa41b71255cda5702ae170d85ad2523f51eee4aa4e57ceaa84de7d04d525feb291364f5d7ab6898622b3cde509d962b5baa4ec3f7e6e8b99c9952944b24455d5d473ba0e271ea3eb4287a60435bc61f82eb42fe93a6ab1c8625183d91794999d8176bbe86491931de90d9c6cd0c9864e36ec6423271b75b2d8c962232ba0834918272f70b5dcd2c873c198d812fcd0e16f444d1254812a326fa60d94976804edf851bd4d427630cb08a61a3eb72b8a39da99d116c5c6bcd566682f6afd4ad76046b97acd60867fdb4cfc57c6b6c4bf8bc54cc18c4239aef63ced86db551338a30a1a510573500be9b03f2c160e132cb24733b0878d3cbe816fab793b3dc3919d9fdaf62a38f7af249f2245708b39d35163faef78701d4fe320e8cf06c3791f6e7ed81fdfc4d7fdc1309c2dc27811cca3d97fed2575ff3c6eff070000ffff0300504b030414000600080000002100f9036bfbb80b0000a17300000f000000776f72642f7374796c65732e786d6cbc9d5d73dbba1186ef3bd3ffc0d1557b91c8f2879c788e73c67192dad338c727729a6b88842cd420a1f223b6fbeb0b80940479098a0b6e7d634b94f6018817ef124b91d26fbf3fa532fac5f342a8ec7c34797b308a7816ab4464f7e7a31f775fdebc1b4545c9b2844995f1f3d1332f46bf7ff8eb5f7e7b3c2bca67c98b4803b2e22c8dcf47cbb25c9d8dc745bce4292bdeaa15cff48b0b95a7acd44ff3fb71caf2876af52656e98a95622ea4289fc7870707d35183c9fb50d4622162fe49c555cab3d2c68f732e355165c552ac8a35edb10fed51e5c92a57312f0abdd3a9ac792913d906333906a054c4b92ad4a27cab77a6e99145e9f0c9817d94ca2de0040738048069cc9f708c770d63ac235d8e48709ce98623128713d61907905428c4e1d1ba1fe69f0977584552264b1c6eadd1d8c4b2922d59b174891cb783271bdc736ac63b8dcfaeef3395b3b9d4243d83223d09220b367ff5589a7ff6217fb2dbcd2e98077ac73e6877252afec417ac9265619ee6b779f3b47966ff7d515959448f67ac8885b8d3ddd46da542377b75911562a45fe1ac282f0ac15a5f5c9a07adafc445e96cfe2812311a9b161f789ee9977f31793e3aac3715ffdd6cd86cb9349ddad9265976bfdec6b337d7dfdcced94d3f6666d35c37753e62f99bd9850d9c1c9f4971cfca2ad7a9c63cb3843a23e5c9a5de7ffe54564c9a378f9b81a9ff3bc3b57af9ccf672c562613bc51625d78967323d303d90c2e4b9c393f7eb27df2b2321ab4ad5346201f5ff0d760c14d3f94867a7599d24f5ab7cf155c50f3c9995fa85f3916d4b6ffc717d9b0b95eb44783e7a6fdbd41b673c1557224978e6bc315b8a84ff5cf2ec47c193edf63fbfd864d66c885595e9c747a7533b8b64917c7e8af9caa446fd6ac68ca6df4c8034efaec4b6711bfe9f356cd2c8d616bfe4cc1c1fa2c94b84ed3e0a7168220a676fdb99d58b7db7ef423574f45a0d1dbf564327afd5d0f4b51a3a7dad86debd564316f3ff6c4864893e7cd8f7c36600751fc7e34634c7633634c7e32534c7631534c7e30434c733d1d11ccf3c46733cd314c12955ec9b85ce643ff2ccf66eeefe63441877ff21218cbbff0810c6dd9ff0c3b8fbf37b18777f3a0fe3eecfde61dcfdc91acfad975ad1b5b659560e76d942a93253258fcca277308d659a658b661a9e39e8f19c6427093075666b0ec4836931b3cff7cf106bd2f0e37969eac5482da285b83725cfe08ef3ec17976ac52396249a4708ccb92eca3c231232a773bee039cf624e39b1e9a0a6128cb22a9d13cccd15bb2763f12c211ebe359124296c26b4ae9f97c624826052a72cced5f0ae2946961fbe8a62f8581948f4b1929213b1bed14c31cb1a5e1b58ccf0d2c0628657061633bc307034a31aa2864634520d8d68c01a1ad1b8d5f3936adc1a1ad1b83534a2716b68c3c7ed4e94d2a67877d531e97feeee522af331c7e07eccc47d66cfca0e2635e74ca35b96b3fb9cad969139abdd8e75f719dbce47953c477714c7b40d896a5d6fa78839972db26af880eed0a8ccb5e111d96bc32332d88637dc62377a996c16685734f5ccac9a97ada6b5a45ea69d3159d50bdae16e63e5f019b635c0179117643668c712cce06f66396be4a4c87cdb5e0eefd89635dc562fb31269f71a24412fa58a1f68d2f0d5f38ae7ba2c7b184cfaa2a4548f3ca123ceca5cd573cdb5fca195a497e53fa7ab252b84ad957610fd0ff5eb0b24a21bb61abc43b792898c46b7cf6f52266444b782b8babbf91adda9952933cdc0d0003faab2542919b33913f8b79f7cfe779a0e5ee822387b26dadb0ba2d343167629080e323549254424bdcc14992039865ade3ff9f35cb13ca1a1dde6bcbe26a9e444c4194b57f5a283c05b3a2f3eeafc43b01ab2bc7fb15c98f34254a6ba238139a70d8b6afe6f1e0f4f75df54447266e88faab4e71fed52d746d3e1862f137670c39708564d7d7830f39760677770c377760747b5b397921585f07e841acca3dadd358f7a7f87177f0d4f49952f2a4937806b20d908ae816443a864956605e51e5b1ee10e5b1ef5fe124e19cb2338256779ffc845422686855129616154325818950616462ac0f02b741cd8f0cb741cd8f06b756a18d112c08151cd33d2c33fd1a73c0e8c6a9e5918d53cb330aa79666154f3ece853c4170bbd08a63bc43848aa39e720e90e3459c9d395ca59fe4c84fc2cf93d2338415ad36e73b53037aba8acbe889b0069ce514bc2c5768da312f9279f9375cdb028fb4570469449a914d1b9b5ed01c746ee5ebbb62fccde0932b80bb792c57ca964c273cf3ef96375bd3cab6fcb78d97ddb8d5ea73dbf8afb6519cd969bb3fd2e667ab037725db0ef84ed6fb06dcca7eb9b5fdac26e7822aa74dd517833c5f4a87fb09dd13bc1c7fb83b72b899dc8939e91b0cde9fec8ed2a7927f2b467246cf35dcf48ebd39dc82e3f7c62f943eb4438ed9a3f9b1acf33f94ebb66d126b8b5d9ae89b4896c9b82a75db368c72ad1451c9b4f0ba03afd3ce38fef671e7f3cc6457e0ac64e7e4a6f5ff9115d06fbce7f097364c7244ddbdee6ea0990f7ed22ba57e6fcb352f579fb9d0f9cfadfd475ad174e59c1a356ce51ff0fae76b28c7f1c7ba71b3fa277def1237a27203fa25726f286a352929fd23b37f911bd93941f81ce56f08880cb56301e97ad607c48b68294906c356015e047f45e0ef81168a34204daa803560a7e04caa8203cc8a89082362a44a08d0a1168a3c20518cea8301e6754181f62544809312aa4a08d0a1168a34204daa81081362a44a08d1ab8b6f78607191552d0468508b45121026d54bb5e1c6054188f332a8c0f312aa484181552d0468508b45121026d5488401b1522d046850894514178905121056d5488401b1522d046ad6f350c372a8cc71915c687181552428c0a2968a34204daa81081362a44a08d0a1168a34204caa8203cc8a89082362a44a08d0a1168a3da0f0b071815c6e38c0ae3438c0a2921468514b45121026d5488401b1522d0468508b45121026554101e645448411b1522d0468588aef9d97c44e9bbcc7e823febe9bd62bfff47574da7bebbb772bba8a3fea875affcacfef7227c54ea216abdf1f0c8d61bfd20622e85b2a7a83d1fabbb5c7b4904ea83cf3f2ebbeff071e903bf74a9b917c27e660ae0c77d23c13995e3ae29ef468222efb86ba6bb9160d579dc957ddd4870183cee4abad697eb8b52f4e1080477a5192778e209efcad64e381ce2ae1ced04c211eecacc4e201ce0ae7cec049e442639bf8c3ee9394ed3cdf5a580d0351d1dc2a99fd0352da156eb740c8dd157343fa1af7a7e425f19fd04949e5e0c5e583f0aadb01f152635b41956ea70a3fa0958a92121486a8009971aa282a586a830a96162c44a0d0958a9c393b39f102435c0844b0d51c152435498d4f05086951a12b052430256ea8107642f265c6a880a961aa2c2a4868b3bacd49080951a12b052434290d400132e3544054b0d516152832a192d352460a58604acd490102435c0844b0d51c152435497d4f62cca8ed428859d70dc22cc09c41d909d405c72760203aa25273ab05a720881d512d46aad39ae5a7245f313faaae727f495d14f40e9e9c5e085f5a3d00afb516152e3aaa536a9c38dea2760a5c6554b5ea971d552a7d4b86aa9536a5cb5e4971a572db5498dab96daa40e4fce7e4290d4b86aa9536a5cb5d42935ae5af24b8dab96daa4c6554b6d52e3aaa536a9071e90bd9870a971d552a7d4b86ac92f35ae5a6a931a572db5498dab96daa4c6554b5ea971d552a7d4b86aa9536a5cb5e4971a572db5498dab96daa4c6554b6d52e3aa25afd4b86aa9536a5cb5d42935ae5abad12182e02ba06629cbcb88eefbe2ae58b12cd9f02f27fc91e5bc50f2174f22da5dfd8adacbf1e3cecf5f19b6fdb540fdfe528f99f90674e776a5a4fe06d80668df789d6c7ea6ca049b9e44cdaf87359b6d879b8f6beb166d206c2a5eeab6e2e6bbab3c4d35df41bbb989ca7e03edcb863d5f546b3bb29d80eb773743ba1daffa7d3ba3d5d9efd24cf88e3e5b43748e51ed195f07df3749605f0f757fe6b2fec934fde03a4b34e0b1f9b9b0baa7c913ab51faf54b2ee50dabdfad56feb74abe28eb572707f62b0b5ebc3eafbf7dcf1b9fdb34ed058c773b533f6d7eb6cd33def5f7f137d70f78a7a4c9452dc36d2f66193ad2dbbead1f151ffe070000ffff0300504b030414000600080000002100be7e76625e010000d003000014000000776f72642f77656253657474696e67732e786d6c9cd3514fc2301000e07713ffc3d277e840218630488cc1f8624cd41f50da1b6b6c7b4b5b1cf8ebbd4ec0195e982febb5db7db9ebdaf972674df6093e6874051b0d73968193a8b4db14ecfd6d35b8635988c22961d041c1f610d872717d356f660dac5f2146fa3264a4b830b3b260558cf58cf3202bb0220cb106472f4bf456449afa0db7c27f6ceb81445b8ba8d7dae8b8e7e33c9fb203e32f51b02cb58407945b0b2eb6f9dc8321115da8741d8e5a7389d6a057b5470921503fd6fc785668776246b76790d5d263c0320ea99943452d45e9a3bc8dacf90526fd80f1193095b0eb67dc1d0c4e995d47ab7ecef4e468d571fe574c0750db5ec4f8e658471a527ac70a2aaaaa1f77fc473ce58a282a11aaae08fd1a9c9cb8bd4dfb6de5ec69e3d08bb521894e504687206be1f4a4bd4c431bc2ae5d4f2da4801a5bd015c33a6aabbf6085fede6313c0f3b42c8cc1e6e5f99126fccf3d5c7c030000ffff0300504b030414000600080000002100ccc79855ff010000cc06000012000000776f72642f666f6e745461626c652e786d6cdc93cf8e9b3010c6ef95fa0e96ef1b0cf9b3295ab252db8d54a9eaa1da3e80634cb016dbc8e384e4ed3b36248b14adb4f4d0c37200f38de7c7ccc7f8e1f1a41b72940e9435054d678c1269842d95d917f4cff3f66e4d09786e4ade58230b7a96401f379f3f3d7479658d0782f906722d0a5a7bdfe64902a2969ac3ccb6d260b0b24e738faf6e9f68ee5e0eed9db0bae55eed54a3fc39c9185bd101e3de43b155a584fc6ec5414be3637ee26483446ba0562d5c68dd7b689d7565ebac9000d8b36e7a9ee6ca5c31e9e206a49570166ce567d8cc505144617acae24a37af80e5344076035809799ac6580f8c0433c71c554ee3acae1c558e38ff56cc08501e2621b2f9a58ef008e9231694beaca7e12eff2809b9dcf39a433d26ca690d2eafb8b30e7e6b91ffd81bebf8ae41124e10c12120111ceee86578c4a53c453db41016d8d866385ca4cb0dd798ff8d376ae7540cb4dc589029c68ebc292876b2654b163acad882cdc39d2661a3a8b9031920fd46d6cb15d7aa395f54e814401f689517f5453f72a742ed7d08d41e0307d8b1823e2d18cb9eb65bda2b29568727265bdc7f1d942c7c2b5e5f06657e55585044e4c4d7b4e788c8b9eec16f26bd03374e3c2b2d81fc921df96d35376f3892b1153ab1443f8233f3498eb8c89de408bb710495fbf5f2bf3832cc06f9a9f6b57f7342c25c7cd0091916b0f90b0000ffff0300504b0304140006000800000021005910116771010000ed02000011000801646f6350726f70732f636f72652e786d6c20a2040128a00001000000000000000000000000000000000000000000000000000000000000000000000000000000000000000000000000000000000000000000000000000000000000000000000000000000000000000000000000000000000000000000000000000000000000000000000000000000000000000000000000000000000000000000000000000000000000000000000000000000000000000000000000000000000000000000000000000000000000000000000000000000000000000000000000000000000000000000000000000000000000000000000000000000000000000000000000000000000000000000000000000000000000000000000000000000008c925d4f83301486ef4dfc0fa4f750608b12022cd16537bac4c4198d77b53d1b75509ab61be3df5b603089bbf0ee7c3ce7ede9db268b53593847509a57224581e7230704ad1817bb14bd6d566e841c6d8860a4a804a4a8018d16d9ed4d42654c2b052faa92a00c07ed5825a1632a53941b23638c35cda124dab384b0cd6da54a626caa765812ba273bc0a1efdfe1120c61c410dc0aba725444674946474979504527c02886024a1046e3c00bf08535a04a7d75a0ebfc224b6e1a0957d1a139d227cd47b0ae6baf9e75a8dd3fc01febe7d7eeaa2e17ad57145096301a1b6e0ac8127c096da40f5fdf404d5f1e131b5305c4542a7bca0f3a7796a009ef98a1de3abe87a6ae14d3767a92598c81a68a4b63dfb1d79e142c5d106dd6f661b71cd843333de66fbb9d5070e4edbfc8661d31a6c9d9e47e35608e3527eead1c3aefb3c7e56685b2d00fe7ae1fb961b809a238b88f7dffb3dd6e327f112ccf0bfc5b711e4d150781dea0e907cd7e000000ffff0300504b0304140006000800000021001b3f1df8df010000e003000010000801646f6350726f70732f6170702e786d6c20a2040128a00001000000000000000000000000000000000000000000000000000000000000000000000000000000000000000000000000000000000000000000000000000000000000000000000000000000000000000000000000000000000000000000000000000000000000000000000000000000000000000000000000000000000000000000000000000000000000000000000000000000000000000000000000000000000000000000000000000000000000000000000000000000000000000000000000000000000000000000000000000000000000000000000000000000000000000000000000000000000000000000000000000000000000000000000000000000009c53c16edb300cbd0fd83f18be37b2d32e2d0245c59062e8615b03c46dcf9a4c27c2644990d8a0d9d78fb2174fd97aaa4f8f8ff4d31349f1dbd7de140708513bbb2aeb59551660956bb5ddadcac7e6cbc54d594494b695c65958954788e5adf8f8816f82f31050432c48c2c655b947f44bc6a2da432fe38cd296329d0bbd440ac38eb9aed30aee9c7ae9c1229b57d582c12b826da1bdf09360392a2e0ff85ed1d6a9e42f3e35474f7a8237d07b2311c4f7f4a799b50e7bce2696370ea569740fe2b2267e8af846ee200ae246c09f5d68a3b8bafec4d908f97a2f8354482d14f3eb9a2a33827ff6de682591ba2bbe69155c741d160f83e5220970969770bac616d44bd07814156779c8bf6a4b0ee673ce4644de82dc05e9f7512c92c129e25b250daca903a2932602677f097e0f324d7723753278c0e50114ba5044fd8be63b2f8b1f3242eadbaa3cc8a0a5c5722c1b83011b1f318846a321ed291e605e96637d95ba3882f3c221183c103e77379c101f3aba1bbe61b6cecd0e1e46ab999ddcd9e98c7f54d7aef7d25283d984a8c13fe3a36fdc5dda8e3f3d3c27b3b93f6bdc6fbd543493cbfaa6ca37204bf12db1d0d248a7a14c04bfa72b04930ea07fed0eda53cdff89b4534fe38315f56256d1372cd189a34d985e92f80d0000ffff0300504b01022d0014000600080000002100dfa4d26c5a010000200500001300000000000000000000000000000000005b436f6e74656e745f54797065735d2e786d6c504b01022d00140006000800000021001e911ab7ef0000004e0200000b00000000000000000000000000930300005f72656c732f2e72656c73504b01022d0014000600080000002100f29d02148a0b00002d2800001100000000000000000000000000b3060000776f72642f646f63756d656e742e786d6c504b01022d0014000600080000002100d664b351f4000000310300001c000000000000000000000000006c120000776f72642f5f72656c732f646f63756d656e742e786d6c2e72656c73504b01022d0014000600080000002100b6f46798d2060000c92000001500000000000000000000000000a2140000776f72642f7468656d652f7468656d65312e786d6c504b01022d00140006000800000021008135b7e159040000bf0c00001100000000000000000000000000a71b0000776f72642f73657474696e67732e786d6c504b01022d0014000600080000002100f9036bfbb80b0000a17300000f000000000000000000000000002f200000776f72642f7374796c65732e786d6c504b01022d0014000600080000002100be7e76625e010000d00300001400000000000000000000000000142c0000776f72642f77656253657474696e67732e786d6c504b01022d0014000600080000002100ccc79855ff010000cc0600001200000000000000000000000000a42d0000776f72642f666f6e745461626c652e786d6c504b01022d00140006000800000021005910116771010000ed0200001100000000000000000000000000d32f0000646f6350726f70732f636f72652e786d6c504b01022d00140006000800000021001b3f1df8df010000e003000010000000000000000000000000007b320000646f6350726f70732f6170702e786d6c504b0506000000000b000b00c1020000903500000000, 'application/vnd.openxmlformats-officedocument.word', 'The Gamble of my life (1).docx', '2024-08-23 08:40:30'),
(12, 'TCH-2407000002', '10931121016', 0x4849, 'text', NULL, '2024-08-29 14:52:54'),
(13, 'TCH-2407000002', '10931121016', 0x757365725f69642c6e616d652c656d61696c2c70617373776f72642c70686f6e650d0a41444d2d323430373030303030322c4a6f6520426964656e202c6a6f65736d697468406e6573746875622e636f6d2c70617373776f72642c3132343239383733350d0a, 'text/csv', 'nesthub admin data.csv', '2024-08-29 14:53:28');

-- --------------------------------------------------------

--
-- Table structure for table `hodmaster`
--

CREATE TABLE `hodmaster` (
  `hod_id` varchar(20) NOT NULL,
  `department_id` varchar(10) NOT NULL,
  `appointment_date` date NOT NULL
) ENGINE=InnoDB DEFAULT CHARSET=utf8mb4 COLLATE=utf8mb4_general_ci;

--
-- Dumping data for table `hodmaster`
--

INSERT INTO `hodmaster` (`hod_id`, `department_id`, `appointment_date`) VALUES
('HOD-2407000003', 'CSBS', '2024-07-25');

-- --------------------------------------------------------

--
-- Table structure for table `section`
--

CREATE TABLE `section` (
  `section_id` varchar(20) NOT NULL,
  `section_name` varchar(10) NOT NULL,
  `batch_id` varchar(20) DEFAULT NULL
) ENGINE=InnoDB DEFAULT CHARSET=utf8mb4 COLLATE=utf8mb4_general_ci;

--
-- Dumping data for table `section`
--

INSERT INTO `section` (`section_id`, `section_name`, `batch_id`) VALUES
('SEC-BCH-2025-CSBS-A', 'A', 'BCH-2025-CSBS'),
('SEC-BCH-2025-IT-A', 'A', 'BCH-2025-IT'),
('SEC-BCH-2026-IT-A', 'A', 'BCH-2026-IT'),
('SEC-BCH-2027-IT-A', 'A', 'BCH-2027-IT'),
('SEC-BCH-2025-CSE-B', 'B', 'BCH-2025-CSE'),
('SEC-BCH-2025-IT-B', 'B', 'BCH-2025-IT'),
('SEC-BCH-2026-CSBS-B', 'B', 'BCH-2026-CSBS'),
('SEC-BCH-2026-IT-B', 'B', 'BCH-2026-IT'),
('SEC-BCH-2027-IT-B', 'B', 'BCH-2027-IT'),
('SEC-BCH-2025-IT-C', 'C', 'BCH-2025-IT'),
('SEC-BCH-2026-IT-C', 'C', 'BCH-2026-IT'),
('SEC-BCH-2027-IT-C', 'C', 'BCH-2027-IT');

-- --------------------------------------------------------

--
-- Table structure for table `semester_subject`
--

CREATE TABLE `semester_subject` (
  `semester_subject_id` varchar(20) NOT NULL,
  `department_id` varchar(10) DEFAULT NULL,
  `semester` int(11) NOT NULL CHECK (`semester` between 1 and 8),
  `subject_id` varchar(20) DEFAULT NULL
) ENGINE=InnoDB DEFAULT CHARSET=utf8mb4 COLLATE=utf8mb4_general_ci;

--
-- Dumping data for table `semester_subject`
--

INSERT INTO `semester_subject` (`semester_subject_id`, `department_id`, `semester`, `subject_id`) VALUES
('CSBS-7-SUB-CSBS-001', 'CSBS', 5, 'SUB-CSBS-001'),
('CSBS-7-SUB-CSBS-002', 'CSBS', 7, 'SUB-CSBS-002'),
('CSBS-7-SUB-CSBS-003', 'CSBS', 7, 'SUB-CSBS-003'),
('CSBS-7-SUB-CSBS-004', 'CSBS', 7, 'SUB-CSBS-004'),
('CSE-3-SUB-CSE-001', 'IC', 3, 'SUB-IC-001'),
('CSE-5-SUB-CSE-001', 'IC', 5, 'SUB-IC-002'),
('CSE-7-SUB-CSE-001', 'IC', 7, 'SUB-IC-003'),
('IT-3-SUB-IT-001', 'IC', 3, 'SUB-IC-004'),
('IT-5-SUB-IT-001', 'IC', 5, 'SUB-IC-005'),
('IT-7-SUB-IT-001', 'IC', 7, 'SUB-IC-006');

-- --------------------------------------------------------

--
-- Table structure for table `studentmaster`
--

CREATE TABLE `studentmaster` (
  `student_id` varchar(20) NOT NULL,
  `section_id` varchar(20) DEFAULT NULL,
  `admission_date` date NOT NULL,
  `current_semester` int(11) NOT NULL CHECK (`current_semester` between 1 and 8)
) ENGINE=InnoDB DEFAULT CHARSET=utf8mb4 COLLATE=utf8mb4_general_ci;

CREATE TABLE `subject` (
  `subject_id` varchar(20) NOT NULL,
  `subject_name` varchar(100) NOT NULL,
  `subject_code` varchar(20) NOT NULL
) ENGINE=InnoDB DEFAULT CHARSET=utf8mb4 COLLATE=utf8mb4_general_ci;

INSERT INTO `subject` (`subject_id`, `subject_name`, `subject_code`) VALUES
('SUB-CSBS-001', 'IoT', 'PEC-CSBS701A'),
('SUB-CSBS-002', 'HUMAN RESOURCE MANAGEMENT', 'HSMC-CSBS702'),
('SUB-CSBS-003', 'FINANCIAL & COST ACCOUNTING', 'HSMC-CSBS701'),
('SUB-CSBS-004', 'Programming in Matlab', 'PCC-CSBS791'),
('SUB-IC-001', 'IC', 'IC-01'),
('SUB-IC-002', 'IC', 'IC-01'),
('SUB-IC-003', 'IC', 'IC-01'),
('SUB-IC-004', 'IC', 'IC-01'),
('SUB-IC-005', 'IC', 'IC-01'),
('SUB-IC-006', 'IC', 'IC-01');

CREATE TABLE `teachermaster` (
  `teacher_id` varchar(20) NOT NULL,
  `department_id` varchar(10) DEFAULT NULL,
  `joining_date` date NOT NULL
) ENGINE=InnoDB DEFAULT CHARSET=utf8mb4 COLLATE=utf8mb4_general_ci;

INSERT INTO `teachermaster` (`teacher_id`, `department_id`, `joining_date`) VALUES
('TCH-2407000001', 'IC', '2024-07-22'),
('TCH-2407000002', 'CSBS', '2024-07-01'),
('TCH-2407000003', 'IC', '2024-07-22'),
('TCH-2407000004', 'IC', '2024-07-22'),
('TCH-2407000005', 'IC', '2024-07-22'),
('TCH-2407000006', 'IC', '2024-07-22'),
('TCH-2407000007', 'IC', '2024-07-22'),
('TCH-2407000008', 'IC', '2024-07-22');

-- --------------------------------------------------------

--
-- Table structure for table `teacher_section_assignment`
--

CREATE TABLE `teacher_section_assignment` (
  `assignment_id` varchar(20) NOT NULL,
  `teacher_id` varchar(20) DEFAULT NULL,
  `section_id` varchar(20) DEFAULT NULL
) ENGINE=InnoDB DEFAULT CHARSET=utf8mb4 COLLATE=utf8mb4_general_ci;

-- --------------------------------------------------------

--
-- Table structure for table `usermaster`
--

CREATE TABLE `usermaster` (
  `user_id` varchar(20) NOT NULL,
  `name` varchar(100) NOT NULL,
  `email` varchar(100) NOT NULL,
  `password` varchar(255) NOT NULL,
  `phone` varchar(20) DEFAULT NULL,
  `role` enum('Admin','Teacher','Student','HOD') NOT NULL DEFAULT 'Student'
) ENGINE=InnoDB DEFAULT CHARSET=utf8mb4 COLLATE=utf8mb4_general_ci;

ALTER TABLE `attendance`
  ADD PRIMARY KEY (`attendance_id`),
  ADD UNIQUE KEY `unique_attendance` (`schedule_id`,`student_id`,`date`),
  ADD KEY `student_id` (`student_id`),
  ADD KEY `schedule_id` (`schedule_id`);

ALTER TABLE `batch`
  ADD PRIMARY KEY (`batch_id`),
  ADD KEY `department_id` (`department_id`);

ALTER TABLE `class_schedule`
  ADD PRIMARY KEY (`schedule_id`),
  ADD KEY `semester_subject_id` (`semester_subject_id`),
  ADD KEY `teacher_id` (`teacher_id`);

ALTER TABLE `department`
  ADD PRIMARY KEY (`department_id`),
  ADD UNIQUE KEY `department_name` (`department_name`);

ALTER TABLE `forum_messages`
  ADD PRIMARY KEY (`message_id`);

ALTER TABLE `hodmaster`
  ADD PRIMARY KEY (`hod_id`),
  ADD UNIQUE KEY `department_id` (`department_id`);

ALTER TABLE `section`
  ADD PRIMARY KEY (`section_id`),
  ADD UNIQUE KEY `section_name` (`section_name`,`batch_id`),
  ADD KEY `batch_id` (`batch_id`);

ALTER TABLE `semester_subject`
  ADD PRIMARY KEY (`semester_subject_id`),
  ADD KEY `subject_id` (`subject_id`),
  ADD KEY `department_id` (`department_id`) USING BTREE;

ALTER TABLE `studentmaster`
  ADD PRIMARY KEY (`student_id`),
  ADD KEY `section_id` (`section_id`);

ALTER TABLE `subject`
  ADD PRIMARY KEY (`subject_id`),
  ADD KEY `subject_code` (`subject_code`) USING BTREE;

ALTER TABLE `teachermaster`
  ADD PRIMARY KEY (`teacher_id`),
  ADD KEY `department_id` (`department_id`);

ALTER TABLE `teacher_section_assignment`
  ADD PRIMARY KEY (`assignment_id`),
  ADD UNIQUE KEY `teacher_id` (`teacher_id`,`section_id`),
  ADD KEY `section_id` (`section_id`);

ALTER TABLE `usermaster`
  ADD PRIMARY KEY (`user_id`),
  ADD UNIQUE KEY `email` (`email`);

ALTER TABLE `attendance`
  MODIFY `attendance_id` int(11) NOT NULL AUTO_INCREMENT, AUTO_INCREMENT=71;

ALTER TABLE `forum_messages`
  MODIFY `message_id` int(11) NOT NULL AUTO_INCREMENT, AUTO_INCREMENT=14;

ALTER TABLE `attendance`
  ADD CONSTRAINT `attendance_ibfk_1` FOREIGN KEY (`schedule_id`) REFERENCES `class_schedule` (`schedule_id`),
  ADD CONSTRAINT `attendance_ibfk_2` FOREIGN KEY (`student_id`) REFERENCES `studentmaster` (`student_id`);

ALTER TABLE `batch`
  ADD CONSTRAINT `batch_ibfk_1` FOREIGN KEY (`department_id`) REFERENCES `department` (`department_id`);


ALTER TABLE `class_schedule`
  ADD CONSTRAINT `class_schedule_ibfk_1` FOREIGN KEY (`section_id`) REFERENCES `section` (`section_id`),
  ADD CONSTRAINT `class_schedule_ibfk_2` FOREIGN KEY (`semester_subject_id`) REFERENCES `semester_subject` (`semester_subject_id`),
  ADD CONSTRAINT `class_schedule_ibfk_3` FOREIGN KEY (`teacher_id`) REFERENCES `teachermaster` (`teacher_id`);


ALTER TABLE `hodmaster`
  ADD CONSTRAINT `hodmaster_ibfk_1` FOREIGN KEY (`hod_id`) REFERENCES `usermaster` (`user_id`),
  ADD CONSTRAINT `hodmaster_ibfk_2` FOREIGN KEY (`department_id`) REFERENCES `department` (`department_id`);


ALTER TABLE `section`
  ADD CONSTRAINT `section_ibfk_1` FOREIGN KEY (`batch_id`) REFERENCES `batch` (`batch_id`);

ALTER TABLE `semester_subject`
  ADD CONSTRAINT `semester_subject_ibfk_1` FOREIGN KEY (`department_id`) REFERENCES `department` (`department_id`),
  ADD CONSTRAINT `semester_subject_ibfk_2` FOREIGN KEY (`subject_id`) REFERENCES `subject` (`subject_id`);

ALTER TABLE `studentmaster`
  ADD CONSTRAINT `studentmaster_ibfk_1` FOREIGN KEY (`student_id`) REFERENCES `usermaster` (`user_id`),
  ADD CONSTRAINT `studentmaster_ibfk_2` FOREIGN KEY (`section_id`) REFERENCES `section` (`section_id`);

ALTER TABLE `teachermaster`
  ADD CONSTRAINT `teachermaster_ibfk_1` FOREIGN KEY (`teacher_id`) REFERENCES `usermaster` (`user_id`),
  ADD CONSTRAINT `teachermaster_ibfk_2` FOREIGN KEY (`department_id`) REFERENCES `department` (`department_id`);

ALTER TABLE `teacher_section_assignment`
  ADD CONSTRAINT `teacher_section_assignment_ibfk_1` FOREIGN KEY (`teacher_id`) REFERENCES `teachermaster` (`teacher_id`),
  ADD CONSTRAINT `teacher_section_assignment_ibfk_2` FOREIGN KEY (`section_id`) REFERENCES `section` (`section_id`);
COMMIT;